chrm	var_pos	ref	alt	start	end	strand	var_id	smorf_id	transcript_id	transcript_type	DNA_consequence	DNA_seq	prot_consequence	prot_seq
1	145824704	AAGGAGT	A	145824334	145825780	+	chr1-145824704-AAGGAGT-AAGT,A	ENST00000334163_uoORF_1	ENST00000698751.1	protein_coding	wrong_sequence	not_multiple_of_3	238.0	-
1	145824704	AAGGAGT	A	145824334	145825780	+	chr1-145824704-AAGGAGT-AAGT,A	ENST00000334163_uoORF_1	ENST00000698752.1	retained_intron	intron_variant	-	-	-
1	145824704	AAGGAGT	A	145824334	145825780	+	chr1-145824704-AAGGAGT-AAGT,A	ENST00000334163_uoORF_1	ENST00000698753.1	retained_intron	intron_variant	-	-	-
1	145824704	AAGGAGT	A	145824334	145825780	+	chr1-145824704-AAGGAGT-AAGT,A	ENST00000334163_uoORF_1	ENST00000698754.1	retained_intron	intron_variant	-	-	-
1	145824704	AAGGAGT	A	145824334	145825780	+	chr1-145824704-AAGGAGT-AAGT,A	ENST00000334163_uoORF_1	ENST00000698755.1	retained_intron	intron_variant	-	-	-
1	145824704	AAGGAGT	A	145824334	145825780	+	chr1-145824704-AAGGAGT-AAGT,A	ENST00000334163_uoORF_1	ENST00000471254.5	nonsense_mediated_decay	intron_variant	-	-	-
1	145824704	AAGGAGT	A	145824334	145825780	+	chr1-145824704-AAGGAGT-AAGT,A	ENST00000334163_uoORF_1	ENST00000698757.1	retained_intron	intron_variant	-	-	-
1	145824704	AAGGAGT	A	145824334	145825780	+	chr1-145824704-AAGGAGT-AAGT,A	ENST00000334163_uoORF_1	ENST00000369294.5	protein_coding	intron_variant	-	-	-
1	145824704	AAGGAGT	A	145824334	145825780	+	chr1-145824704-AAGGAGT-AAGT,A	ENST00000334163_uoORF_1	ENST00000698758.1	retained_intron	intron_variant	-	-	-
1	145824704	AAGGAGT	A	145824334	145825780	+	chr1-145824704-AAGGAGT-AAGT,A	ENST00000334163_uoORF_1	ENST00000698759.1	retained_intron	intron_variant	-	-	-
1	145824704	AAGGAGT	A	145824334	145825780	+	chr1-145824704-AAGGAGT-AAGT,A	ENST00000334163_uoORF_1	ENST00000698760.1	nonsense_mediated_decay	wrong_sequence	not_multiple_of_3	1447	-
1	145824704	AAGGAGT	A	145824334	145825780	+	chr1-145824704-AAGGAGT-AAGT,A	ENST00000334163_uoORF_1	ENST00000698761.1	protein_coding	intron_variant	-	-	-
1	145824704	AAGGAGT	A	145824334	145825780	+	chr1-145824704-AAGGAGT-AAGT,A	ENST00000334163_uoORF_1	ENST00000698762.1	nonsense_mediated_decay	intron_variant	-	-	-
1	145824704	AAGGAGT	A	145824334	145825780	+	chr1-145824704-AAGGAGT-AAGT,A	ENST00000334163_uoORF_1	ENST00000334163.4	protein_coding	intron_variant	-	-	-
1	145824704	AAGGAGT	A	145824334	145825780	+	chr1-145824704-AAGGAGT-AAGT,A	ENST00000334163_uoORF_1	ENST00000698763.1	retained_intron	intron_variant	-	-	-
1	145824704	AAGGAGT	A	145824334	145825780	+	chr1-145824704-AAGGAGT-AAGT,A	ENST00000334163_uoORF_1	ENST00000698764.1	retained_intron	intron_variant	-	-	-
